0.0023176,0.0099272,0.0042533,0.0015717,0.0038081,0.075567,0.0065383,0.0094302,0.001781,0.0023301,0.0026416,0.011785,0.038545,0.18965,0.0023145,0.0011661,1.1801e-05,1.3337e-05,1.1585e-05,1.3296e-05,1.3172e-05,1.1911e-05,1.2817e-05,1.1963e-05,1.1484e-05,1.2114e-05,1.1652e-05,1.2949e-05,1.1715e-05,1.1014e-05,1.1311e-05,1.3566e-05,1.1434e-05,1.1057e-05,1.2404e-05,1.042e-05,1.2133e-05,1.2021e-05,1.0686e-05,1.1457e-05,1.0797e-05,1.1522e-05,1.1967e-05,1.2519e-05,1.0816e-05,1.1538e-05,1.1414e-05,1.1023e-05,6.5722e-06,6.3549e-06,6.0225e-06,6.0552e-06,6.3596e-06,6.3571e-06,6.4575e-06,6.4923e-06,5.7703e-06,5.753e-06,5.8052e-06,6.175e-06,6.45e-06,6.1791e-06,5.9334e-06,6.0726e-06
0.91297,0.0056426,0.0047627,0.010852,0.002012,0.0019126,0.0078355,0.0083546,0.0052408,0.0063789,0.004555,0.0019993,0.0016306,0.0019704,0.11732,0.010245,1.1341e-05,1.2797e-05,1.1186e-05,1.2806e-05,1.2727e-05,1.1446e-05,1.2273e-05,1.1448e-05,1.1104e-05,1.1611e-05,1.1203e-05,1.2466e-05,1.1238e-05,1.0634e-05,1.0894e-05,1.2967e-05,1.2919e-05,1.2534e-05,1.4142e-05,1.1758e-05,1.3786e-05,1.37e-05,1.2061e-05,1.3016e-05,1.222e-05,1.3025e-05,1.3613e-05,1.4243e-05,1.2165e-05,1.3081e-05,1.2905e-05,1.2432e-05,6.8467e-06,6.6079e-06,6.2419e-06,6.2797e-06,6.6264e-06,6.6234e-06,6.728e-06,6.7695e-06,6.0085e-06,5.9776e-06,6.0264e-06,6.4115e-06,6.7192e-06,6.4086e-06,6.1921e-06,6.3337e-06
0.026443,0.0033225,0.0024641,0.024297,0.0016637,0.0012436,0.0033943,0.0035915,0.0031455,0.0033564,0.002518,0.0014559,0.0010939,0.0013074,0.017141,0.062062,1.101e-05,1.2402e-05,1.0871e-05,1.2418e-05,1.235e-05,1.111e-05,1.1895e-05,1.1104e-05,1.0794e-05,1.1262e-05,1.0878e-05,1.2091e-05,1.0906e-05,1.0339e-05,1.0584e-05,1.2556e-05,1.3173e-05,1.2814e-05,1.4462e-05,1.2008e-05,1.408e-05,1.4019e-05,1.2312e-05,1.3311e-05,1.249e-05,1.3282e-05,1.3916e-05,1.4545e-05,1.239e-05,1.336e-05,1.3164e-05,1.2674e-05,6.8129e-06,6.5736e-06,6.2063e-06,6.2448e-06,6.596e-06,6.593e-06,6.6962e-06,6.7387e-06,5.985e-06,5.9505e-06,5.9969e-06,6.377e-06,6.6871e-06,6.3719e-06,6.1707e-06,6.3094e-06
0.0037698,0.0092505,0.012281,0.0018968,0.0025639,0.019327,0.025082,0.036537,0.0033028,0.0048065,0.0058017,0.004961,0.012176,0.013678,0.0039779,0.001503,1.2028e-05,1.3615e-05,1.1821e-05,1.3587e-05,1.3471e-05,1.2141e-05,1.3067e-05,1.2179e-05,1.1721e-05,1.2342e-05,1.1876e-05,1.3225e-05,1.1932e-05,1.1229e-05,1.1528e-05,1.3836e-05,1.193e-05,1.152e-05,1.2958e-05,1.0845e-05,1.2672e-05,1.2546e-05,1.1128e-05,1.1945e-05,1.1243e-05,1.2024e-05,1.2492e-05,1.3086e-05,1.1273e-05,1.2037e-05,1.1908e-05,1.1492e-05,6.7702e-06,6.5419e-06,6.1929e-06,6.2275e-06,6.5488e-06,6.5461e-06,6.6508e-06,6.6877e-06,5.9346e-06,5.9149e-06,5.9684e-06,6.3533e-06,6.6428e-06,6.3565e-06,6.1061e-06,6.2506e-06
0.0023189,0.0016593,0.015525,0.001043,0.00081976,0.0024191,0.0060129,0.0039461,0.0092013,0.010911,0.022199,0.0011209,0.0021617,0.0018436,0.0027586,0.0010818,1.3144e-05,1.4971e-05,1.2937e-05,1.4969e-05,1.4857e-05,1.3274e-05,1.4318e-05,1.3288e-05,1.2831e-05,1.3486e-05,1.2971e-05,1.4543e-05,1.302e-05,1.2254e-05,1.2583e-05,1.5198e-05,1.2963e-05,1.2427e-05,1.4072e-05,1.1683e-05,1.3778e-05,1.358e-05,1.2018e-05,1.2905e-05,1.2118e-05,1.3071e-05,1.3544e-05,1.4259e-05,1.2235e-05,1.3045e-05,1.2929e-05,1.2463e-05,7.3568e-06,7.099e-06,6.7056e-06,6.7444e-06,7.1059e-06,7.1029e-06,7.2214e-06,7.2629e-06,6.4132e-06,6.392e-06,6.4524e-06,6.8862e-06,7.2124e-06,6.89e-06,6.6051e-06,6.7684e-06
0.0037831,0.058312,0.0023253,0.0044339,0.019713,0.0036346,0.0039566,0.0061345,0.0014961,0.0018416,0.0017636,0.013741,0.00311,0.005223,0.0032751,0.0023102,1.0911e-05,1.2275e-05,1.0732e-05,1.2252e-05,1.2153e-05,1.1009e-05,1.1805e-05,1.1042e-05,1.0646e-05,1.1182e-05,1.0779e-05,1.1941e-05,1.0828e-05,1.0219e-05,1.0478e-05,1.2465e-05,1.1613e-05,1.1299e-05,1.2662e-05,1.0631e-05,1.2355e-05,1.2293e-05,1.0888e-05,1.1711e-05,1.103e-05,1.1703e-05,1.2214e-05,1.274e-05,1.0967e-05,1.1758e-05,1.1603e-05,1.1198e-05,6.3885e-06,6.1758e-06,5.8495e-06,5.8826e-06,6.1877e-06,6.1851e-06,6.2803e-06,6.3161e-06,5.6259e-06,5.6023e-06,5.6489e-06,6.0002e-06,6.2726e-06,6.0002e-06,5.7888e-06,5.919e-06
0.014551,0.025923,0.004088,0.00947,0.0044416,0.0030266,0.0083438,0.013504,0.0028393,0.0036494,0.0031682,0.0043358,0.0025092,0.0035115,0.010999,0.004795,1.1167e-05,1.2586e-05,1.0999e-05,1.2578e-05,1.2488e-05,1.1269e-05,1.2086e-05,1.1287e-05,1.0914e-05,1.1439e-05,1.1032e-05,1.225e-05,1.1074e-05,1.0463e-05,1.0724e-05,1.2767e-05,1.226e-05,1.1909e-05,1.3391e-05,1.1188e-05,1.3061e-05,1.2986e-05,1.1468e-05,1.2354e-05,1.1618e-05,1.2357e-05,1.2904e-05,1.3482e-05,1.1561e-05,1.2411e-05,1.2247e-05,1.1809e-05,6.6279e-06,6.4019e-06,6.0554e-06,6.0908e-06,6.4168e-06,6.414e-06,6.5141e-06,6.5527e-06,5.8256e-06,5.7986e-06,5.8465e-06,6.2156e-06,6.5059e-06,6.2144e-06,5.9989e-06,6.1352e-06
0.16192,0.0039148,0.0057942,0.0063426,0.0015367,0.0017548,0.0081476,0.0072853,0.0087566,0.010256,0.0063484,0.0016079,0.0015052,0.0017273,0.86132,0.0080261,1.1556e-05,1.3056e-05,1.1403e-05,1.307e-05,1.2993e-05,1.1664e-05,1.2512e-05,1.1661e-05,1.1319e-05,1.183e-05,1.1415e-05,1.2718e-05,1.1447e-05,1.0833e-05,1.1098e-05,1.3226e-05,1.3178e-05,1.2765e-05,1.4426e-05,1.197e-05,1.4066e-05,1.3964e-05,1.2286e-05,1.326e-05,1.2442e-05,1.3287e-05,1.3881e-05,1.454e-05,1.2404e-05,1.3336e-05,1.3162e-05,1.2675e-05,6.9749e-06,6.7296e-06,6.3535e-06,6.3924e-06,6.7484e-06,6.7454e-06,6.8529e-06,6.8955e-06,6.1137e-06,6.0821e-06,6.1322e-06,6.5277e-06,6.8438e-06,6.5247e-06,6.302e-06,6.4476e-06
0.009697,0.008625,0.0022118,0.040452,0.0041087,0.0017444,0.0035381,0.0046082,0.0019387,0.0022645,0.0019263,0.0029063,0.0015202,0.0020324,0.0069267,0.0083656,1.076e-05,1.21e-05,1.0607e-05,1.2098e-05,1.2018e-05,1.0856e-05,1.1625e-05,1.0868e-05,1.0528e-05,1.1014e-05,1.0632e-05,1.1788e-05,1.0669e-05,1.0098e-05,1.0343e-05,1.2266e-05,1.2349e-05,1.2033e-05,1.3523e-05,1.1297e-05,1.3173e-05,1.3127e-05,1.1572e-05,1.2485e-05,1.1738e-05,1.2447e-05,1.303e-05,1.3593e-05,1.1635e-05,1.2523e-05,1.2342e-05,1.1896e-05,6.5357e-06,6.3123e-06,5.9693e-06,6.0049e-06,6.3305e-06,6.3278e-06,6.4252e-06,6.4642e-06,5.7534e-06,5.7234e-06,5.7686e-06,6.1284e-06,6.4169e-06,6.1252e-06,5.9262e-06,6.0581e-06
0.0031484,0.0065703,0.012795,0.0016162,0.0021873,0.023102,0.019086,0.02108,0.0032228,0.0046402,0.0059281,0.0042096,0.014506,0.012963,0.0033658,0.0013213,1.2187e-05,1.3805e-05,1.1973e-05,1.3775e-05,1.3654e-05,1.2302e-05,1.3247e-05,1.2343e-05,1.1871e-05,1.2508e-05,1.2031e-05,1.3406e-05,1.2089e-05,1.1371e-05,1.1676e-05,1.4033e-05,1.1909e-05,1.1489e-05,1.2926e-05,1.0818e-05,1.2646e-05,1.2512e-05,1.1104e-05,1.1913e-05,1.1214e-05,1.2004e-05,1.2461e-05,1.306e-05,1.1257e-05,1.201e-05,1.1886e-05,1.1472e-05,6.8055e-06,6.5761e-06,6.2257e-06,6.2602e-06,6.5818e-06,6.5791e-06,6.6848e-06,6.7216e-06,5.9624e-06,5.9437e-06,5.9982e-06,6.3866e-06,6.6768e-06,6.3904e-06,6.1342e-06,6.2803e-06
0.0042472,0.075613,0.0046829,0.0028646,0.0061323,0.010014,0.0097002,0.020039,0.0021895,0.0029182,0.0030034,0.013415,0.0073848,0.014664,0.0040135,0.0018847,1.1457e-05,1.2928e-05,1.1263e-05,1.2901e-05,1.2792e-05,1.1562e-05,1.2422e-05,1.16e-05,1.1169e-05,1.175e-05,1.1315e-05,1.2566e-05,1.1369e-05,1.0712e-05,1.0991e-05,1.3134e-05,1.172e-05,1.136e-05,1.2752e-05,1.0693e-05,1.2457e-05,1.2364e-05,1.0961e-05,1.1776e-05,1.1089e-05,1.1812e-05,1.2297e-05,1.2854e-05,1.1073e-05,1.1845e-05,1.1704e-05,1.1296e-05,6.5629e-06,6.3434e-06,6.0073e-06,6.041e-06,6.3525e-06,6.3499e-06,6.4494e-06,6.4856e-06,5.7666e-06,5.7453e-06,5.7952e-06,6.1621e-06,6.4416e-06,6.1638e-06,5.933e-06,6.0699e-06
0.0019121,0.0020502,0.012492,0.00097174,0.001006,0.0048874,0.0065224,0.0047694,0.0039091,0.0051042,0.0083356,0.0015532,0.0043773,0.0031831,0.0021584,0.00091811,1.3065e-05,1.487e-05,1.2836e-05,1.4844e-05,1.4715e-05,1.3193e-05,1.424e-05,1.323e-05,1.2724e-05,1.3417e-05,1.2893e-05,1.4429e-05,1.2953e-05,1.2166e-05,1.2501e-05,1.5116e-05,1.2303e-05,1.1805e-05,1.3326e-05,1.1116e-05,1.3055e-05,1.2871e-05,1.1427e-05,1.2248e-05,1.1519e-05,1.2403e-05,1.2838e-05,1.3499e-05,1.163e-05,1.2378e-05,1.2271e-05,1.184e-05,7.1437e-06,6.8992e-06,6.5264e-06,6.5626e-06,6.902e-06,6.8991e-06,7.0132e-06,7.0515e-06,6.236e-06,6.2193e-06,6.2792e-06,6.697e-06,7.0048e-06,6.7028e-06,6.4171e-06,6.5753e-06
0.0075795,0.052784,0.0065474,0.0039207,0.0044219,0.0063494,0.017662,0.051887,0.0030662,0.0042611,0.0041504,0.0066262,0.0048395,0.00738,0.0070828,0.0025854,1.1489e-05,1.2969e-05,1.1304e-05,1.2951e-05,1.2849e-05,1.1595e-05,1.2454e-05,1.1623e-05,1.1213e-05,1.1778e-05,1.1347e-05,1.2612e-05,1.1396e-05,1.0748e-05,1.1024e-05,1.3168e-05,1.2036e-05,1.1664e-05,1.3113e-05,1.097e-05,1.2805e-05,1.2709e-05,1.1249e-05,1.2097e-05,1.1382e-05,1.2131e-05,1.2639e-05,1.3218e-05,1.1362e-05,1.2168e-05,1.202e-05,1.1595e-05,6.6569e-06,6.4317e-06,6.0867e-06,6.1215e-06,6.4428e-06,6.4401e-06,6.5415e-06,6.5791e-06,5.8458e-06,5.8223e-06,5.8724e-06,6.2458e-06,6.5334e-06,6.2465e-06,6.017e-06,6.156e-06
0.0038952,0.0093269,0.012917,0.0019299,0.0025487,0.017881,0.027495,0.040446,0.0034047,0.0049868,0.006015,0.004861,0.011445,0.01289,0.0041196,0.0015316,1.2026e-05,1.3612e-05,1.182e-05,1.3585e-05,1.347e-05,1.2139e-05,1.3064e-05,1.2176e-05,1.172e-05,1.2339e-05,1.1874e-05,1.3223e-05,1.1929e-05,1.1228e-05,1.1526e-05,1.3833e-05,1.1952e-05,1.1541e-05,1.2984e-05,1.0864e-05,1.2697e-05,1.2571e-05,1.1149e-05,1.1968e-05,1.1264e-05,1.2047e-05,1.2516e-05,1.3112e-05,1.1293e-05,1.2059e-05,1.193e-05,1.1513e-05,6.7759e-06,6.5472e-06,6.1976e-06,6.2323e-06,6.5543e-06,6.5515e-06,6.6563e-06,6.6934e-06,5.9394e-06,5.9195e-06,5.973e-06,6.3583e-06,6.6483e-06,6.3614e-06,6.1113e-06,6.2559e-06
0.012052,0.01466,0.002834,0.018447,0.0046107,0.0022272,0.0049562,0.0069673,0.0022658,0.0027504,0.0023578,0.0036379,0.0019038,0.002614,0.008602,0.006386,1.0934e-05,1.2307e-05,1.0773e-05,1.2302e-05,1.2217e-05,1.1032e-05,1.1822e-05,1.1047e-05,1.0691e-05,1.1195e-05,1.0802e-05,1.1984e-05,1.0842e-05,1.0253e-05,1.0505e-05,1.248e-05,1.2285e-05,1.1954e-05,1.3436e-05,1.1227e-05,1.3096e-05,1.3037e-05,1.1503e-05,1.2401e-05,1.1661e-05,1.2382e-05,1.2947e-05,1.3515e-05,1.158e-05,1.2448e-05,1.2275e-05,1.1834e-05,6.5688e-06,6.3447e-06,6.0008e-06,6.0363e-06,6.3613e-06,6.3585e-06,6.457e-06,6.4957e-06,5.7789e-06,5.7504e-06,5.7967e-06,6.1601e-06,6.4487e-06,6.1578e-06,5.9515e-06,6.0852e-06
0.30429,0.0058266,0.0066076,0.0072649,0.0019323,0.0021743,0.011549,0.011472,0.0069812,0.0091409,0.0062464,0.0020555,0.0018339,0.0021811,0.29899,0.0070211,1.1504e-05,1.2992e-05,1.1344e-05,1.2999e-05,1.2917e-05,1.1611e-05,1.2458e-05,1.1615e-05,1.1259e-05,1.178e-05,1.1363e-05,1.2652e-05,1.1399e-05,1.078e-05,1.1046e-05,1.3168e-05,1.2907e-05,1.2507e-05,1.4116e-05,1.1736e-05,1.3767e-05,1.3669e-05,1.2041e-05,1.2987e-05,1.2194e-05,1.3012e-05,1.3588e-05,1.4226e-05,1.2156e-05,1.306e-05,1.2891e-05,1.2419e-05,6.8903e-06,6.65e-06,6.2818e-06,6.3197e-06,6.6673e-06,6.6643e-06,6.7701e-06,6.8115e-06,6.0429e-06,6.013e-06,6.0629e-06,6.4522e-06,6.7613e-06,6.45e-06,6.2271e-06,6.3706e-06
1.1994e-05,1.1741e-05,1.3079e-05,1.1172e-05,1.1063e-05,1.2644e-05,1.2644e-05,1.2405e-05,1.312e-05,1.3027e-05,1.3228e-05,1.161e-05,1.2685e-05,1.2319e-05,1.2153e-05,1.1337e-05,0.0060031,0.0054651,0.01123,0.0094718,0.0094542,0.0068795,0.0042507,0.0024597,0.0087982,0.003973,0.0053855,0.018955,0.0033185,0.0033336,0.0042602,0.0025322,8.4398e-06,7.5263e-06,8.2454e-06,7.4005e-06,8.4285e-06,7.8763e-06,7.6818e-06,7.6835e-06,7.4352e-06,8.4831e-06,8.0794e-06,8.6752e-06,8.3669e-06,8.0709e-06,8.3249e-06,8.2217e-06,1.8134e-05,1.7963e-05,1.7802e-05,1.7685e-05,1.7124e-05,1.713e-05,1.7574e-05,1.74e-05,1.4831e-05,1.5528e-05,1.6105e-05,1.7761e-05,1.7603e-05,1.8268e-05,1.4737e-05,1.5507e-05
1.2031e-05,1.1803e-05,1.3136e-05,1.1206e-05,1.113e-05,1.2731e-05,1.2701e-05,1.2465e-05,1.3156e-05,1.3069e-05,1.3277e-05,1.1688e-05,1.2777e-05,1.2405e-05,1.219e-05,1.136e-05,0.0135,0.010286,0.0073939,0.0083402,0.0049115,0.018582,0.01311,0.0052028,0.0050624,0.011109,0.0097902,0.021893,0.0067434,0.0030782,0.0052105,0.0046574,8.1971e-06,7.327e-06,8.0223e-06,7.2016e-06,8.1934e-06,7.6684e-06,7.471e-06,7.4801e-06,7.2381e-06,8.239e-06,7.8607e-06,8.4311e-06,8.1215e-06,7.8486e-06,8.088e-06,7.9863e-06,1.7113e-05,1.6956e-05,1.6811e-05,1.6703e-05,1.6186e-05,1.6191e-05,1.6599e-05,1.644e-05,1.4073e-05,1.4717e-05,1.525e-05,1.6771e-05,1.6626e-05,1.7237e-05,1.3985e-05,1.4697e-05
1.2921e-05,1.2698e-05,1.4171e-05,1.2005e-05,1.1961e-05,1.3756e-05,1.3689e-05,1.3429e-05,1.4168e-05,1.4079e-05,1.4318e-05,1.2588e-05,1.3812e-05,1.3391e-05,1.3097e-05,1.2163e-05,0.0029753,0.040466,0.0017211,0.0067098,0.0030011,0.003445,0.024021,0.0033838,0.0014224,0.0047598,0.0024424,0.0078475,0.0026847,0.0011112,0.0016005,0.19489,8.2308e-06,7.3704e-06,8.0845e-06,7.2318e-06,8.2458e-06,7.7278e-06,7.5016e-06,7.5299e-06,7.2769e-06,8.2742e-06,7.9154e-06,8.4888e-06,8.1392e-06,7.8928e-06,8.1237e-06,8.0134e-06,1.6077e-05,1.5893e-05,1.5694e-05,1.5607e-05,1.5222e-05,1.5226e-05,1.5604e-05,1.5471e-05,1.3255e-05,1.3816e-05,1.4291e-05,1.5693e-05,1.5625e-05,1.6098e-05,1.3207e-05,1.3859e-05
1.3236e-05,1.3021e-05,1.4542e-05,1.2288e-05,1.2262e-05,1.413e-05,1.4042e-05,1.3775e-05,1.4525e-05,1.4437e-05,1.4688e-05,1.2916e-05,1.419e-05,1.3751e-05,1.3417e-05,1.2445e-05,0.0019746,0.011785,0.0012025,0.003894,0.0020579,0.0022112,0.0095964,0.0025236,0.0010218,0.0030894,0.0016777,0.0040047,0.0019162,0.00083996,0.0011645,0.15008,8.2027e-06,7.3525e-06,8.0685e-06,7.2098e-06,8.2247e-06,7.7135e-06,7.4778e-06,7.5133e-06,7.258e-06,8.2463e-06,7.8978e-06,8.4679e-06,8.1057e-06,7.8713e-06,8.0971e-06,7.9845e-06,1.5624e-05,1.5436e-05,1.5225e-05,1.5146e-05,1.4801e-05,1.4805e-05,1.5169e-05,1.5046e-05,1.2903e-05,1.3434e-05,1.3886e-05,1.5235e-05,1.5189e-05,1.5618e-05,1.2867e-05,1.3493e-05
1.2311e-05,1.2028e-05,1.3427e-05,1.1456e-05,1.1317e-05,1.295e-05,1.2973e-05,1.2723e-05,1.3486e-05,1.3384e-05,1.3589e-05,1.1879e-05,1.299e-05,1.2613e-05,1.2477e-05,1.1636e-05,0.0027485,0.0043205,0.0048477,0.012012,0.032265,0.0030235,0.0026119,0.0014809,0.0046883,0.0021384,0.002552,0.012998,0.0018136,0.0020163,0.002234,0.0020292,8.7511e-06,7.7877e-06,8.5451e-06,7.6556e-06,8.7387e-06,8.1559e-06,7.9517e-06,7.9531e-06,7.6919e-06,8.7968e-06,8.3702e-06,8.9992e-06,8.6742e-06,8.3616e-06,8.6297e-06,8.5209e-06,1.8875e-05,1.8671e-05,1.8458e-05,1.8341e-05,1.7798e-05,1.7804e-05,1.8278e-05,1.8101e-05,1.5353e-05,1.6071e-05,1.6674e-05,1.8436e-05,1.8308e-05,1.8963e-05,1.5272e-05,1.6085e-05
1.2378e-05,1.2176e-05,1.3552e-05,1.1519e-05,1.1486e-05,1.3173e-05,1.3102e-05,1.2859e-05,1.3544e-05,1.3463e-05,1.3687e-05,1.2078e-05,1.3227e-05,1.2832e-05,1.2543e-05,1.1665e-05,0.0058568,0.01387,0.0023568,0.0045088,0.0023955,0.0070637,0.91771,0.0082715,0.001843,0.013982,0.0044643,0.0067207,0.0056445,0.0015515,0.0025149,0.018508,8.0017e-06,7.1717e-06,7.8532e-06,7.042e-06,8.0108e-06,7.5112e-06,7.3016e-06,7.3235e-06,7.0831e-06,8.043e-06,7.6928e-06,8.2427e-06,7.9184e-06,7.6739e-06,7.8982e-06,7.7947e-06,1.5911e-05,1.5755e-05,1.5601e-05,1.5508e-05,1.5075e-05,1.5079e-05,1.5448e-05,1.531e-05,1.3156e-05,1.3728e-05,1.4204e-05,1.5577e-05,1.5471e-05,1.5988e-05,1.3088e-05,1.3732e-05
1.1504e-05,1.1327e-05,1.2555e-05,1.0733e-05,1.0709e-05,1.2222e-05,1.2153e-05,1.1937e-05,1.2545e-05,1.2473e-05,1.2674e-05,1.1242e-05,1.2271e-05,1.1917e-05,1.1651e-05,1.0863e-05,0.023778,0.0031811,0.0036142,0.0020666,0.0014725,0.023913,0.0093156,0.16909,0.002637,0.14829,0.017257,0.0030661,0.091917,0.003037,0.0067361,0.0031042,7.6721e-06,6.8838e-06,7.5174e-06,6.7682e-06,7.6709e-06,7.1961e-06,7.0133e-06,7.0238e-06,6.8023e-06,7.7102e-06,7.3699e-06,7.8865e-06,7.6022e-06,7.3575e-06,7.5736e-06,7.4805e-06,1.5793e-05,1.5681e-05,1.5603e-05,1.5498e-05,1.4978e-05,1.4983e-05,1.5342e-05,1.5192e-05,1.3114e-05,1.3713e-05,1.4198e-05,1.554e-05,1.5367e-05,1.5967e-05,1.3013e-05,1.3651e-05
1.0717e-05,1.0511e-05,1.1634e-05,1.0021e-05,9.9388e-06,1.128e-05,1.127e-05,1.107e-05,1.1663e-05,1.1586e-05,1.1757e-05,1.0406e-05,1.1316e-05,1.1007e-05,1.0851e-05,1.0158e-05,0.0060835,0.0013013,0.01811,0.0013863,0.0013891,0.0052911,0.0016499,0.0023392,0.01838,0.0028443,0.0080533,0.001871,0.0041619,1.3074,0.024363,0.00097803,7.8646e-06,7.029e-06,7.6655e-06,6.9258e-06,7.8388e-06,7.3336e-06,7.181e-06,7.1665e-06,6.9499e-06,7.9024e-06,7.5214e-06,8.0571e-06,7.8127e-06,7.5222e-06,7.7591e-06,7.6731e-06,1.7841e-05,1.7761e-05,1.7756e-05,1.7614e-05,1.6881e-05,1.6888e-05,1.7309e-05,1.7113e-05,1.4713e-05,1.5459e-05,1.6051e-05,1.7634e-05,1.7342e-05,1.8171e-05,1.4553e-05,1.5307e-05
1.0712e-05,1.0484e-05,1.1614e-05,1.0016e-05,9.9048e-06,1.1234e-05,1.1249e-05,1.1046e-05,1.1661e-05,1.1579e-05,1.1744e-05,1.0365e-05,1.1267e-05,1.0962e-05,1.0846e-05,1.0162e-05,0.0029219,0.001085,0.01121,0.0013002,0.0014694,0.0027436,0.0011874,0.0013663,0.020074,0.0016705,0.0033961,0.001643,0.0020699,0.015397,0.0057884,0.00078554,8.1097e-06,7.231e-06,7.8902e-06,7.1279e-06,8.0756e-06,7.5435e-06,7.3947e-06,7.3724e-06,7.1499e-06,8.1488e-06,7.7421e-06,8.3025e-06,8.0611e-06,7.7469e-06,7.9983e-06,7.9113e-06,1.8987e-05,1.8899e-05,1.8891e-05,1.8736e-05,1.7934e-05,1.7942e-05,1.8403e-05,1.8188e-05,1.5567e-05,1.6378e-05,1.7024e-05,1.8759e-05,1.8439e-05,1.9347e-05,1.5393e-05,1.6214e-05
1.1946e-05,1.1714e-05,1.3035e-05,1.1129e-05,1.1046e-05,1.2628e-05,1.2605e-05,1.237e-05,1.3059e-05,1.2972e-05,1.3176e-05,1.1596e-05,1.2672e-05,1.2305e-05,1.2103e-05,1.1284e-05,0.013599,0.0078209,0.01015,0.0078491,0.0052551,0.017986,0.0088426,0.0044804,0.0066649,0.0089009,0.01041,0.019609,0.0062702,0.0035894,0.0059401,0.0036881,8.2247e-06,7.3483e-06,8.0448e-06,7.2241e-06,8.2183e-06,7.6892e-06,7.4949e-06,7.5013e-06,7.2595e-06,8.2667e-06,7.8833e-06,8.4566e-06,8.151e-06,7.8726e-06,8.1147e-06,8.0136e-06,1.7347e-05,1.7192e-05,1.7051e-05,1.6939e-05,1.6403e-05,1.6408e-05,1.6824e-05,1.666e-05,1.4252e-05,1.4912e-05,1.5456e-05,1.7006e-05,1.6851e-05,1.7484e-05,1.416e-05,1.4885e-05
1.2484e-05,1.2209e-05,1.3633e-05,1.1612e-05,1.1488e-05,1.3163e-05,1.317e-05,1.2916e-05,1.3681e-05,1.3581e-05,1.3794e-05,1.2066e-05,1.3206e-05,1.2818e-05,1.2653e-05,1.1788e-05,0.0032307,0.0081318,0.0042942,0.035833,0.044178,0.0036704,0.0039294,0.001817,0.0037948,0.0027436,0.0028701,0.043841,0.0021324,0.001863,0.0022724,0.0030559,8.6669e-06,7.7217e-06,8.4739e-06,7.5873e-06,8.661e-06,8.0898e-06,7.8789e-06,7.8869e-06,7.6259e-06,8.7123e-06,8.2992e-06,8.9192e-06,8.5858e-06,8.2871e-06,8.5481e-06,8.4382e-06,1.8271e-05,1.8067e-05,1.7851e-05,1.7743e-05,1.7242e-05,1.7247e-05,1.7701e-05,1.7534e-05,1.49e-05,1.5581e-05,1.6154e-05,1.7838e-05,1.7728e-05,1.8336e-05,1.4829e-05,1.5607e-05
1.1238e-05,1.1069e-05,1.2253e-05,1.0493e-05,1.0472e-05,1.1935e-05,1.1865e-05,1.1657e-05,1.2242e-05,1.2173e-05,1.2367e-05,1.0988e-05,1.1982e-05,1.164e-05,1.138e-05,1.0618e-05,0.01933,0.0022438,0.0035196,0.0016011,0.0012165,0.016394,0.005207,0.060249,0.0026139,0.028273,0.017971,0.0022807,0.15344,0.003556,0.0083261,0.0021776,7.5612e-06,6.7873e-06,7.4053e-06,6.6759e-06,7.5571e-06,7.091e-06,6.9162e-06,6.9235e-06,6.708e-06,7.5982e-06,7.2619e-06,7.7674e-06,7.4953e-06,7.2514e-06,7.4643e-06,7.3746e-06,1.5718e-05,1.5621e-05,1.5568e-05,1.5459e-05,1.4913e-05,1.4918e-05,1.5272e-05,1.5119e-05,1.3073e-05,1.3678e-05,1.4165e-05,1.5492e-05,1.5298e-05,1.5923e-05,1.2962e-05,1.3596e-05
1.1094e-05,1.0846e-05,1.2042e-05,1.0361e-05,1.0233e-05,1.163e-05,1.1655e-05,1.1441e-05,1.2097e-05,1.2009e-05,1.2182e-05,1.0715e-05,1.1663e-05,1.1342e-05,1.1236e-05,1.0519e-05,0.0028546,0.0013609,0.013625,0.0018263,0.0022785,0.0027993,0.0013441,0.0013115,0.030253,0.0016943,0.0031269,0.0022912,0.001903,0.0070583,0.0043193,0.00091271,8.3628e-06,7.4463e-06,8.1385e-06,7.3363e-06,8.3307e-06,7.7756e-06,7.6148e-06,7.5951e-06,7.3609e-06,8.404e-06,7.9823e-06,8.5692e-06,8.3087e-06,7.9854e-06,8.2466e-06,8.1539e-06,1.9401e-05,1.9278e-05,1.9211e-05,1.9061e-05,1.8305e-05,1.8312e-05,1.8793e-05,1.8581e-05,1.5836e-05,1.6647e-05,1.7302e-05,1.9106e-05,1.8829e-05,1.9698e-05,1.5682e-05,1.6528e-05
1.1238e-05,1.1027e-05,1.223e-05,1.0491e-05,1.0417e-05,1.1861e-05,1.1838e-05,1.1625e-05,1.2252e-05,1.2172e-05,1.2358e-05,1.092e-05,1.1901e-05,1.1567e-05,1.1381e-05,1.0634e-05,0.029697,0.0025011,0.047396,0.0024967,0.0022219,0.025003,0.0035494,0.0046761,0.018707,0.0072908,0.042935,0.0039067,0.010274,0.01585,0.052278,0.0017253,7.9605e-06,7.1176e-06,7.7741e-06,7.0054e-06,7.9447e-06,7.4356e-06,7.2645e-06,7.2607e-06,7.0348e-06,7.9997e-06,7.6236e-06,8.1694e-06,7.8985e-06,7.6186e-06,7.8543e-06,7.7622e-06,1.7366e-05,1.7254e-05,1.7189e-05,1.7063e-05,1.6433e-05,1.6439e-05,1.6849e-05,1.6671e-05,1.4315e-05,1.5008e-05,1.5567e-05,1.7103e-05,1.6879e-05,1.7602e-05,1.4188e-05,1.4915e-05
1.1201e-05,1.0977e-05,1.218e-05,1.0458e-05,1.0365e-05,1.1796e-05,1.179e-05,1.1575e-05,1.2214e-05,1.2131e-05,1.2313e-05,1.0862e-05,1.1834e-05,1.1503e-05,1.1345e-05,1.0606e-05,0.0098278,0.0021254,2.139,0.0024522,0.0024744,0.0092595,0.002522,0.0027793,0.11723,0.0039921,0.01177,0.0036322,0.0049193,0.018898,0.018757,0.0014066,8.0974e-06,7.2298e-06,7.8988e-06,7.1181e-06,8.0765e-06,7.552e-06,7.3838e-06,7.375e-06,7.1461e-06,8.1373e-06,7.7462e-06,8.306e-06,8.0377e-06,7.7438e-06,7.9879e-06,7.8954e-06,1.8016e-05,1.7899e-05,1.7832e-05,1.7699e-05,1.7031e-05,1.7037e-05,1.7469e-05,1.7281e-05,1.4802e-05,1.5532e-05,1.6121e-05,1.7741e-05,1.7501e-05,1.8269e-05,1.4667e-05,1.5431e-05
1.2997e-05,1.2798e-05,1.4272e-05,1.2075e-05,1.2062e-05,1.3884e-05,1.3788e-05,1.3529e-05,1.4249e-05,1.4165e-05,1.4411e-05,1.2702e-05,1.3944e-05,1.3516e-05,1.3173e-05,1.2224e-05,0.0022591,0.0089822,0.0012485,0.0031729,0.0017642,0.0025276,0.012755,0.0033036,0.0010477,0.0039004,0.0019019,0.0035453,0.0023111,0.00089754,0.0012824,0.073112,8.0557e-06,7.2269e-06,7.9238e-06,7.0885e-06,8.0763e-06,7.5782e-06,7.3497e-06,7.3835e-06,7.1351e-06,8.0982e-06,7.7578e-06,8.3128e-06,7.9622e-06,7.7325e-06,7.9529e-06,7.8436e-06,1.5385e-05,1.5211e-05,1.5022e-05,1.4941e-05,1.4583e-05,1.4586e-05,1.4941e-05,1.4818e-05,1.2733e-05,1.326e-05,1.3707e-05,1.5022e-05,1.4961e-05,1.5401e-05,1.2689e-05,1.3303e-05
1.1987e-05,1.0901e-05,1.1692e-05,1.1737e-05,1.031e-05,1.0554e-05,1.1504e-05,1.1324e-05,1.243e-05,1.2175e-05,1.2027e-05,1.0283e-05,1.0443e-05,1.0441e-05,1.2058e-05,1.2284e-05,7.5164e-06,8.0249e-06,7.7888e-06,8.2992e-06,8.5109e-06,7.5559e-06,7.6741e-06,7.2798e-06,7.8489e-06,7.4513e-06,7.487e-06,8.1245e-06,7.3427e-06,7.5146e-06,7.4635e-06,7.8337e-06,0.0075873,0.0019176,0.0013615,0.0028873,0.0022414,0.0012588,0.0061299,0.0016938,0.0020561,0.0062682,0.0018514,0.0016234,0.025759,0.0036336,0.0076516,0.027201,1.885e-05,1.7613e-05,1.5672e-05,1.5983e-05,1.8603e-05,1.8579e-05,1.8735e-05,1.9188e-05,1.7247e-05,1.6241e-05,1.5953e-05,1.6666e-05,1.8648e-05,1.6206e-05,1.8672e-05,1.8634e-05
1.2598e-05,1.143e-05,1.2276e-05,1.2331e-05,1.0797e-05,1.1054e-05,1.2075e-05,1.1882e-05,1.3072e-05,1.2797e-05,1.2637e-05,1.0767e-05,1.0935e-05,1.0934e-05,1.2674e-05,1.292e-05,7.6696e-06,8.2041e-06,7.9443e-06,8.4842e-06,8.6992e-06,7.711e-06,7.8407e-06,7.4303e-06,8.0043e-06,7.6065e-06,7.638e-06,8.3019e-06,7.4919e-06,7.6586e-06,7.6102e-06,8.0109e-06,0.045325,0.0023473,0.0023513,0.0025749,0.0050135,0.0018916,0.0060078,0.0023668,0.0022644,0.029254,0.0033158,0.0031967,0.017931,0.0082106,0.053502,0.87434,1.863e-05,1.7406e-05,1.5491e-05,1.5795e-05,1.8354e-05,1.833e-05,1.8498e-05,1.8938e-05,1.695e-05,1.5991e-05,1.5726e-05,1.6468e-05,1.8414e-05,1.6027e-05,1.8333e-05,1.8327e-05
1.3227e-05,1.1971e-05,1.2796e-05,1.3004e-05,1.1326e-05,1.1505e-05,1.2609e-05,1.2416e-05,1.3652e-05,1.3362e-05,1.3175e-05,1.1256e-05,1.1373e-05,1.1394e-05,1.3297e-05,1.3639e-05,7.2193e-06,7.7322e-06,7.4547e-06,7.9782e-06,8.164e-06,7.2589e-06,7.3975e-06,7.0125e-06,7.5042e-06,7.1722e-06,7.1874e-06,7.8081e-06,7.0603e-06,7.187e-06,7.1533e-06,7.567e-06,0.0022833,0.021364,0.0071778,0.0038836,0.0043019,0.032207,0.0047775,0.40031,0.0092377,0.0022565,0.017454,0.0025261,0.0013035,0.010242,0.0030279,0.0022948,1.5836e-05,1.4868e-05,1.3344e-05,1.3585e-05,1.5601e-05,1.5582e-05,1.5722e-05,1.6064e-05,1.4463e-05,1.3713e-05,1.351e-05,1.4122e-05,1.5657e-05,1.3778e-05,1.5546e-05,1.5553e-05
1.3647e-05,1.2333e-05,1.3258e-05,1.3365e-05,1.1634e-05,1.1893e-05,1.3041e-05,1.2828e-05,1.4156e-05,1.3847e-05,1.3661e-05,1.1589e-05,1.1757e-05,1.1763e-05,1.373e-05,1.403e-05,7.7619e-06,8.3268e-06,8.0292e-06,8.6053e-06,8.8168e-06,7.8054e-06,7.9538e-06,7.5278e-06,8.086e-06,7.7061e-06,7.7272e-06,8.416e-06,7.5837e-06,7.7324e-06,7.6918e-06,8.1383e-06,0.010349,0.0029546,0.013296,0.0018521,0.2018,0.0053181,0.0032662,0.004358,0.0023156,0.01157,0.018266,0.018272,0.0027334,0.026223,0.015041,0.0056057,1.7608e-05,1.6472e-05,1.4699e-05,1.4976e-05,1.7311e-05,1.7289e-05,1.7462e-05,1.786e-05,1.5928e-05,1.5082e-05,1.486e-05,1.56e-05,1.7387e-05,1.5209e-05,1.7178e-05,1.7211e-05
1.2275e-05,1.1149e-05,1.1912e-05,1.2059e-05,1.056e-05,1.0746e-05,1.1736e-05,1.1559e-05,1.2677e-05,1.2416e-05,1.2253e-05,1.0507e-05,1.0629e-05,1.0641e-05,1.2341e-05,1.2627e-05,7.1341e-06,7.6215e-06,7.3756e-06,7.8687e-06,8.0572e-06,7.1719e-06,7.295e-06,6.9232e-06,7.4276e-06,7.081e-06,7.1048e-06,7.7045e-06,6.9757e-06,7.1172e-06,7.0771e-06,7.4524e-06,0.003226,0.016658,0.0024189,0.024461,0.0027725,0.0034378,0.11873,0.0084237,0.02179,0.0029673,0.0043361,0.0017009,0.0024156,0.0086727,0.0044204,0.0048299,1.6602e-05,1.5573e-05,1.3949e-05,1.4209e-05,1.6388e-05,1.6367e-05,1.65e-05,1.6874e-05,1.5247e-05,1.4412e-05,1.4174e-05,1.4782e-05,1.6429e-05,1.44e-05,1.6427e-05,1.64e-05
1.3729e-05,1.2404e-05,1.3341e-05,1.3442e-05,1.1697e-05,1.1962e-05,1.3121e-05,1.2905e-05,1.4247e-05,1.3935e-05,1.3748e-05,1.1654e-05,1.1826e-05,1.1831e-05,1.3814e-05,1.4113e-05,7.8107e-06,8.3813e-06,8.0803e-06,8.6625e-06,8.876e-06,7.8547e-06,8.0046e-06,7.5745e-06,8.1376e-06,7.7545e-06,7.7756e-06,8.4713e-06,7.6308e-06,7.7806e-06,7.7398e-06,8.1911e-06,0.010303,0.002625,0.012847,0.0016872,0.51525,0.0047988,0.0029081,0.0038159,0.0020815,0.011815,0.014943,0.025059,0.0026853,0.018745,0.013937,0.0052604,1.7711e-05,1.6564e-05,1.4776e-05,1.5055e-05,1.7407e-05,1.7385e-05,1.7562e-05,1.7962e-05,1.6004e-05,1.5155e-05,1.4934e-05,1.5684e-05,1.7486e-05,1.5292e-05,1.7263e-05,1.73e-05
1.4337e-05,1.2924e-05,1.3901e-05,1.4045e-05,1.2181e-05,1.2439e-05,1.3674e-05,1.3448e-05,1.4868e-05,1.4537e-05,1.4333e-05,1.2126e-05,1.2294e-05,1.2304e-05,1.4424e-05,1.4762e-05,7.819e-06,8.4023e-06,8.0816e-06,8.6797e-06,8.8889e-06,7.8638e-06,8.0235e-06,7.5881e-06,8.1365e-06,7.7676e-06,7.7824e-06,8.4862e-06,7.6405e-06,7.7782e-06,7.7423e-06,8.2169e-06,0.00354,0.0022799,0.076555,0.0012784,0.030658,0.0073918,0.0018578,0.0037631,0.0017276,0.0038647,0.018151,0.023469,0.0014475,0.0074278,0.0042063,0.0023431,1.704e-05,1.5953e-05,1.4259e-05,1.4521e-05,1.6733e-05,1.6712e-05,1.6888e-05,1.7262e-05,1.5367e-05,1.4581e-05,1.4382e-05,1.5117e-05,1.6817e-05,1.4753e-05,1.6546e-05,1.6598e-05
1.2206e-05,1.1089e-05,1.1856e-05,1.1984e-05,1.0501e-05,1.0698e-05,1.1679e-05,1.1501e-05,1.2615e-05,1.2356e-05,1.2196e-05,1.0452e-05,1.0582e-05,1.0591e-05,1.2273e-05,1.2547e-05,7.1971e-06,7.6875e-06,7.4438e-06,7.9393e-06,8.1317e-06,7.2351e-06,7.3571e-06,6.9818e-06,7.4972e-06,7.1419e-06,7.1678e-06,7.7734e-06,7.0361e-06,7.1829e-06,7.1409e-06,7.5147e-06,0.0040554,0.008976,0.0022369,0.016868,0.00286,0.0028101,0.97475,0.0057307,0.010906,0.0036458,0.0038509,0.0017589,0.0032195,0.0087422,0.0056241,0.00702,1.6983e-05,1.592e-05,1.4243e-05,1.4512e-05,1.6764e-05,1.6743e-05,1.688e-05,1.7266e-05,1.559e-05,1.4725e-05,1.4479e-05,1.5103e-05,1.6806e-05,1.4708e-05,1.681e-05,1.6781e-05
1.2538e-05,1.1376e-05,1.2146e-05,1.2328e-05,1.0776e-05,1.0948e-05,1.1971e-05,1.1791e-05,1.2936e-05,1.2668e-05,1.2496e-05,1.0714e-05,1.0826e-05,1.0844e-05,1.2604e-05,1.2914e-05,7.0787e-06,7.5673e-06,7.3129e-06,7.8091e-06,7.9926e-06,7.1164e-06,7.2437e-06,6.8735e-06,7.3629e-06,7.0291e-06,7.0488e-06,7.6456e-06,6.923e-06,7.0556e-06,7.0189e-06,7.4032e-06,0.0023904,0.14998,0.0030482,0.013861,0.0028043,0.0058137,0.015044,0.025337,0.070214,0.0022718,0.0058515,0.0017221,0.0016282,0.0082125,0.0032013,0.0029664,1.6025e-05,1.5047e-05,1.35e-05,1.3747e-05,1.5812e-05,1.5793e-05,1.5924e-05,1.6276e-05,1.4709e-05,1.3923e-05,1.3702e-05,1.4292e-05,1.5857e-05,1.3933e-05,1.5824e-05,1.5808e-05
1.2395e-05,1.1253e-05,1.2019e-05,1.2183e-05,1.0659e-05,1.0839e-05,1.1843e-05,1.1665e-05,1.2796e-05,1.2531e-05,1.2364e-05,1.0601e-05,1.0719e-05,1.0734e-05,1.2461e-05,1.2759e-05,7.1054e-06,7.5931e-06,7.3432e-06,7.8376e-06,8.0236e-06,7.1431e-06,7.2682e-06,6.8972e-06,7.3943e-06,7.054e-06,7.0758e-06,7.6738e-06,6.9483e-06,7.0855e-06,7.047e-06,7.4265e-06,0.0028004,0.036334,0.0027168,0.020795,0.0028216,0.0043765,0.034125,0.013429,0.042795,0.0026193,0.0050783,0.0017216,0.0019822,0.0088528,0.0038101,0.0037905,1.6318e-05,1.5314e-05,1.3728e-05,1.3982e-05,1.6105e-05,1.6085e-05,1.6216e-05,1.6579e-05,1.4983e-05,1.4172e-05,1.3942e-05,1.4541e-05,1.6147e-05,1.417e-05,1.6131e-05,1.6109e-05
1.2658e-05,1.1481e-05,1.2241e-05,1.2462e-05,1.0881e-05,1.1032e-05,1.207e-05,1.1892e-05,1.3042e-05,1.2772e-05,1.2594e-05,1.0809e-05,1.0908e-05,1.0931e-05,1.2723e-05,1.3056e-05,6.9669e-06,7.4495e-06,7.192e-06,7.6833e-06,7.8601e-06,7.0041e-06,7.133e-06,6.7692e-06,7.2397e-06,6.9208e-06,6.937e-06,7.5229e-06,6.8156e-06,6.9394e-06,6.9058e-06,7.2919e-06,0.0016036,0.1517,0.002792,0.0075696,0.0021408,0.0068342,0.0058032,0.032294,0.040782,0.0015526,0.0047685,0.001417,0.0011212,0.0046543,0.0020375,0.0018347,1.5404e-05,1.448e-05,1.3017e-05,1.325e-05,1.5199e-05,1.5181e-05,1.5306e-05,1.5637e-05,1.4151e-05,1.3411e-05,1.3203e-05,1.3766e-05,1.5243e-05,1.3428e-05,1.5202e-05,1.5189e-05
1.2963e-05,1.1747e-05,1.2655e-05,1.2664e-05,1.1078e-05,1.1376e-05,1.2436e-05,1.223e-05,1.3484e-05,1.3195e-05,1.3033e-05,1.1058e-05,1.1253e-05,1.1245e-05,1.3047e-05,1.3278e-05,7.996e-06,8.5645e-06,8.2891e-06,8.8638e-06,9.094e-06,8.04e-06,8.1773e-06,7.7409e-06,8.3531e-06,7.9285e-06,7.9625e-06,8.6695e-06,7.8068e-06,7.9849e-06,7.9332e-06,8.3578e-06,0.049319,0.0013636,0.0020322,0.0013588,0.0048094,0.0013969,0.0024262,0.0014811,0.0012807,0.050199,0.0023758,0.0040278,0.015083,0.0041429,0.0187,0.015668,1.96e-05,1.8275e-05,1.6215e-05,1.6538e-05,1.9277e-05,1.9252e-05,1.9444e-05,1.9915e-05,1.771e-05,1.6705e-05,1.6435e-05,1.7262e-05,1.9354e-05,1.6798e-05,1.9184e-05,1.9203e-05
1.318e-05,1.1932e-05,1.2827e-05,1.2901e-05,1.1261e-05,1.1524e-05,1.2615e-05,1.241e-05,1.3678e-05,1.3384e-05,1.3211e-05,1.1225e-05,1.1396e-05,1.1398e-05,1.3261e-05,1.3532e-05,7.7597e-06,8.3145e-06,8.0329e-06,8.5963e-06,8.8114e-06,7.8026e-06,7.943e-06,7.5211e-06,8.0918e-06,7.6999e-06,7.7263e-06,8.4088e-06,7.5802e-06,7.739e-06,7.6943e-06,8.122e-06,0.054953,0.0026596,0.0048007,0.002136,0.017725,0.0030158,0.0043976,0.0032194,0.0022927,0.05842,0.0068956,0.0078432,0.0056698,0.019825,0.18507,0.016977,1.8205e-05,1.7016e-05,1.5159e-05,1.545e-05,1.7911e-05,1.7888e-05,1.8062e-05,1.8483e-05,1.6497e-05,1.5594e-05,1.5352e-05,1.6104e-05,1.7982e-05,1.5687e-05,1.782e-05,1.7838e-05
1.1878e-05,1.0808e-05,1.1601e-05,1.1621e-05,1.0219e-05,1.0475e-05,1.1411e-05,1.123e-05,1.2328e-05,1.2076e-05,1.1933e-05,1.0198e-05,1.0366e-05,1.0361e-05,1.195e-05,1.2161e-05,7.6059e-06,8.118e-06,7.8864e-06,8.3992e-06,8.6169e-06,7.6457e-06,7.7617e-06,7.3627e-06,7.9487e-06,7.5374e-06,7.5766e-06,8.2222e-06,7.4285e-06,7.6088e-06,7.5546e-06,7.9212e-06,0.0058901,0.0013927,0.0011029,0.0020113,0.0017965,0.00099017,0.0035922,0.0012608,0.0014811,0.0050385,0.0014164,0.0013986,0.046693,0.0025027,0.0052808,0.013697,1.9491e-05,1.8193e-05,1.6158e-05,1.6485e-05,1.9237e-05,1.9211e-05,1.9372e-05,1.985e-05,1.7821e-05,1.6763e-05,1.6459e-05,1.7201e-05,1.9282e-05,1.6716e-05,1.9319e-05,1.9277e-05
1.3593e-05,1.2286e-05,1.3153e-05,1.3355e-05,1.1612e-05,1.1807e-05,1.2955e-05,1.2753e-05,1.4045e-05,1.3741e-05,1.3547e-05,1.1544e-05,1.1671e-05,1.169e-05,1.3668e-05,1.4016e-05,7.3631e-06,7.8944e-06,7.6038e-06,8.1471e-06,8.3377e-06,7.404e-06,7.5491e-06,7.1515e-06,7.6542e-06,7.3157e-06,7.3299e-06,7.9712e-06,7.1998e-06,7.3272e-06,7.2937e-06,7.7252e-06,0.0025271,0.0084568,0.016619,0.0025952,0.0065857,0.128,0.0034572,0.030863,0.0048425,0.0025529,0.054413,0.0036748,0.0013019,0.011776,0.0033305,0.0022777,1.6027e-05,1.504e-05,1.3488e-05,1.3731e-05,1.5775e-05,1.5756e-05,1.5904e-05,1.625e-05,1.4587e-05,1.3838e-05,1.3639e-05,1.4278e-05,1.5838e-05,1.3934e-05,1.5683e-05,1.5702e-05
1.1887e-05,1.0815e-05,1.1609e-05,1.1631e-05,1.0226e-05,1.0482e-05,1.1419e-05,1.1238e-05,1.2337e-05,1.2084e-05,1.194e-05,1.0205e-05,1.0372e-05,1.0367e-05,1.1959e-05,1.2171e-05,7.5971e-06,8.1088e-06,7.8768e-06,8.3894e-06,8.6065e-06,7.6369e-06,7.7531e-06,7.3545e-06,7.9389e-06,7.529e-06,7.5679e-06,8.2126e-06,7.4201e-06,7.5996e-06,7.5457e-06,7.9126e-06,0.0060528,0.0014316,0.0011237,0.002076,0.0018332,0.0010112,0.003755,0.0012934,0.0015238,0.0051587,0.00145,0.0014183,0.045814,0.0025843,0.0054688,0.014606,1.943e-05,1.8138e-05,1.6112e-05,1.6437e-05,1.9176e-05,1.915e-05,1.9311e-05,1.9787e-05,1.7766e-05,1.6713e-05,1.6411e-05,1.7149e-05,1.9221e-05,1.6667e-05,1.9258e-05,1.9215e-05
6.3573e-06,6.0375e-06,6.5521e-06,6.0884e-06,5.7322e-06,6.1593e-06,6.4016e-06,6.2999e-06,6.7456e-06,6.66e-06,6.6722e-06,5.8548e-06,6.1391e-06,6.0569e-06,6.4144e-06,6.2522e-06,1.7045e-05,1.6936e-05,1.8559e-05,1.7978e-05,1.8937e-05,1.7048e-05,1.63e-05,1.5864e-05,1.9008e-05,1.6344e-05,1.7146e-05,1.7807e-05,1.6452e-05,1.8334e-05,1.7585e-05,1.6004e-05,1.5557e-05,1.3178e-05,1.3856e-05,1.3521e-05,1.4658e-05,1.3209e-05,1.4107e-05,1.3222e-05,1.3186e-05,1.5573e-05,1.3837e-05,1.4925e-05,1.6222e-05,1.4287e-05,1.5221e-05,1.5423e-05,0.0018594,0.004208,0.048194,0.026412,0.0019011,0.0019267,0.0019141,0.001512,0.0011274,0.0020937,0.0034975,0.010885,0.0020093,0.036401,0.00081385,0.0011195
6.0538e-06,5.7514e-06,6.227e-06,5.8071e-06,5.4672e-06,5.8577e-06,6.0885e-06,5.9942e-06,6.4106e-06,6.3302e-06,6.3395e-06,5.5782e-06,5.8381e-06,5.7635e-06,6.1064e-06,5.9618e-06,1.5407e-05,1.5302e-05,1.6705e-05,1.6194e-05,1.7012e-05,1.5408e-05,1.4758e-05,1.4388e-05,1.7088e-05,1.48e-05,1.5494e-05,1.6049e-05,1.4898e-05,1.6521e-05,1.5875e-05,1.45e-05,1.5354e-05,1.3047e-05,1.3635e-05,1.3427e-05,1.443e-05,1.3025e-05,1.3987e-05,1.3068e-05,1.307e-05,1.5363e-05,1.3641e-05,1.4665e-05,1.6056e-05,1.4106e-05,1.5027e-05,1.5255e-05,0.0013649,0.0027347,0.014232,0.013361,0.0018547,0.0018783,0.0016158,0.0013477,0.0024583,0.008455,0.028692,0.0062856,0.0016767,0.0059954,0.0012996,0.0016749
6.4654e-06,6.1306e-06,6.6544e-06,6.1942e-06,5.8183e-06,6.2453e-06,6.5018e-06,6.3979e-06,6.8587e-06,6.7695e-06,6.7791e-06,5.9392e-06,6.2234e-06,6.142e-06,6.5233e-06,6.3651e-06,1.6354e-05,1.6337e-05,1.7767e-05,1.7329e-05,1.8237e-05,1.6363e-05,1.5703e-05,1.5246e-05,1.8182e-05,1.5708e-05,1.6439e-05,1.7145e-05,1.5789e-05,1.7513e-05,1.6831e-05,1.5458e-05,1.6746e-05,1.4111e-05,1.4829e-05,1.4508e-05,1.5724e-05,1.4123e-05,1.5153e-05,1.4151e-05,1.4126e-05,1.6761e-05,1.4819e-05,1.6009e-05,1.751e-05,1.5329e-05,1.6372e-05,1.661e-05,0.0048441,0.026452,0.013969,0.027359,0.0061568,0.0063091,0.0058165,0.0039635,0.0019637,0.003425,0.0053958,1.5289,0.0063193,0.036623,0.0014788,0.002433
6.0071e-06,5.7011e-06,6.1669e-06,5.7681e-06,5.4207e-06,5.7958e-06,6.032e-06,5.9392e-06,6.3541e-06,6.2733e-06,6.2797e-06,5.5257e-06,5.7751e-06,5.7044e-06,6.0584e-06,5.9242e-06,1.431e-05,1.4268e-05,1.5465e-05,1.5074e-05,1.5809e-05,1.4315e-05,1.3759e-05,1.3399e-05,1.5804e-05,1.3775e-05,1.4383e-05,1.4931e-05,1.3849e-05,1.5276e-05,1.4712e-05,1.3548e-05,1.619e-05,1.3726e-05,1.4294e-05,1.4169e-05,1.5157e-05,1.3659e-05,1.4762e-05,1.373e-05,1.3765e-05,1.6194e-05,1.4321e-05,1.5387e-05,1.6992e-05,1.4841e-05,1.584e-05,1.6111e-05,0.0013785,0.002257,0.0030338,0.00352,0.0023411,0.0023635,0.0018068,0.0016141,0.013677,1.1049,0.027377,0.0032899,0.0018467,0.0023783,0.0033944,0.0039726
6.0169e-06,5.7193e-06,6.1917e-06,5.7711e-06,5.4375e-06,5.8276e-06,6.054e-06,5.9605e-06,6.3719e-06,6.2927e-06,6.3027e-06,5.5489e-06,5.8085e-06,5.7338e-06,6.0692e-06,5.9235e-06,1.5592e-05,1.5459e-05,1.6916e-05,1.6362e-05,1.7192e-05,1.5591e-05,1.4916e-05,1.4554e-05,1.7308e-05,1.4971e-05,1.5684e-05,1.6222e-05,1.5076e-05,1.6742e-05,1.6079e-05,1.4643e-05,1.4984e-05,1.2754e-05,1.3332e-05,1.3116e-05,1.4098e-05,1.2739e-05,1.3659e-05,1.2777e-05,1.2775e-05,1.4994e-05,1.3335e-05,1.4329e-05,1.5655e-05,1.378e-05,1.4669e-05,1.4886e-05,0.0011513,0.0021955,0.013775,0.010519,0.0014612,0.0014781,0.001315,0.0011067,0.0018128,0.0050502,0.011583,0.004746,0.0013621,0.0053276,0.0010257,0.0012821
6.0597e-06,5.7455e-06,6.2146e-06,5.8204e-06,5.4621e-06,5.8352e-06,6.0792e-06,5.9855e-06,6.4078e-06,6.3252e-06,6.3298e-06,5.5654e-06,5.8135e-06,5.7436e-06,6.1111e-06,5.9804e-06,1.3911e-05,1.3912e-05,1.5014e-05,1.4691e-05,1.5398e-05,1.3919e-05,1.3407e-05,1.3039e-05,1.5335e-05,1.3405e-05,1.3977e-05,1.4542e-05,1.3466e-05,1.4812e-05,1.4282e-05,1.3221e-05,1.6985e-05,1.4358e-05,1.4935e-05,1.4846e-05,1.5862e-05,1.4266e-05,1.5475e-05,1.4354e-05,1.4405e-05,1.6987e-05,1.4973e-05,1.6098e-05,1.7866e-05,1.5539e-05,1.6611e-05,1.6913e-05,0.0014288,0.0019772,0.0017812,0.0020826,0.0026583,0.0026721,0.0019493,0.0018555,0.32541,0.015646,0.0062691,0.0022757,0.0019661,0.0016147,0.0094338,0.0087663
6.4001e-06,6.0554e-06,6.5613e-06,6.1436e-06,5.7493e-06,6.1459e-06,6.4155e-06,6.3143e-06,6.7748e-06,6.6841e-06,6.6874e-06,5.858e-06,6.1216e-06,6.0479e-06,6.4555e-06,6.3188e-06,1.4203e-05,1.429e-05,1.5331e-05,1.5105e-05,1.5842e-05,1.4217e-05,1.3736e-05,1.331e-05,1.5656e-05,1.3697e-05,1.4262e-05,1.4929e-05,1.3737e-05,1.508e-05,1.4554e-05,1.3576e-05,1.8846e-05,1.5783e-05,1.6474e-05,1.6331e-05,1.7548e-05,1.5695e-05,1.7065e-05,1.5786e-05,1.5831e-05,1.8851e-05,1.6512e-05,1.783e-05,1.9861e-05,1.7161e-05,1.8407e-05,1.875e-05,0.002475,0.0024031,0.0012073,0.00144,0.0056197,0.0055718,0.0037315,0.0042338,0.0063687,0.0028118,0.0021218,0.0019073,0.0036354,0.0013186,0.027274,0.15936
5.9498e-06,5.6531e-06,6.1154e-06,5.7106e-06,5.3761e-06,5.754e-06,5.981e-06,5.8893e-06,6.2957e-06,6.2171e-06,6.2254e-06,5.4831e-06,5.7346e-06,5.6627e-06,6.0008e-06,5.8622e-06,1.4848e-05,1.4747e-05,1.6075e-05,1.559e-05,1.6362e-05,1.4849e-05,1.4232e-05,1.3883e-05,1.6437e-05,1.4274e-05,1.4931e-05,1.5454e-05,1.4366e-05,1.5903e-05,1.5292e-05,1.3988e-05,1.5294e-05,1.3012e-05,1.3568e-05,1.3405e-05,1.4361e-05,1.2971e-05,1.3957e-05,1.3025e-05,1.3041e-05,1.5301e-05,1.3583e-05,1.4585e-05,1.6011e-05,1.4053e-05,1.4971e-05,1.5209e-05,0.0011429,0.002051,0.0058456,0.0059009,0.0016287,0.0016464,0.00138,0.0011903,0.0033285,0.01611,0.047801,0.0038162,0.0014218,0.0033452,0.0015027,0.0018022
6.3749e-06,6.049e-06,6.563e-06,6.108e-06,5.7428e-06,6.1643e-06,6.4131e-06,6.3113e-06,6.7613e-06,6.6744e-06,6.6847e-06,5.8627e-06,6.1432e-06,6.0626e-06,6.4318e-06,6.2746e-06,1.6392e-05,1.6338e-05,1.7814e-05,1.7328e-05,1.8235e-05,1.6398e-05,1.5717e-05,1.5278e-05,1.8233e-05,1.5738e-05,1.6482e-05,1.7153e-05,1.5828e-05,1.7578e-05,1.6884e-05,1.5456e-05,1.6214e-05,1.3699e-05,1.4386e-05,1.4079e-05,1.524e-05,1.3711e-05,1.4695e-05,1.3737e-05,1.3713e-05,1.6229e-05,1.4376e-05,1.5513e-05,1.6942e-05,1.4863e-05,1.5857e-05,1.6084e-05,0.0030024,0.0099329,0.049737,0.21585,0.0036276,0.0036966,0.0034246,0.0025375,0.0017984,0.0036016,0.0065804,0.09947,0.0036482,0.10099,0.0012534,0.0018952
6.0413e-06,5.7259e-06,6.191e-06,5.8051e-06,5.4441e-06,5.8111e-06,6.057e-06,5.964e-06,6.3855e-06,6.3027e-06,6.3063e-06,5.545e-06,5.7889e-06,5.7206e-06,6.0922e-06,5.9656e-06,1.353e-05,1.3549e-05,1.4584e-05,1.4298e-05,1.4976e-05,1.3538e-05,1.3057e-05,1.2694e-05,1.4891e-05,1.3047e-05,1.3591e-05,1.4151e-05,1.3101e-05,1.4383e-05,1.3879e-05,1.2885e-05,1.7353e-05,1.4657e-05,1.5221e-05,1.5175e-05,1.6178e-05,1.4542e-05,1.5817e-05,1.4644e-05,1.471e-05,1.7352e-05,1.527e-05,1.6411e-05,1.8281e-05,1.5861e-05,1.6968e-05,1.7291e-05,0.0012122,0.0015007,0.0012545,0.0014371,0.0021633,0.0021673,0.0016224,0.0016142,0.11384,0.0064559,0.0033712,0.0015912,0.0016229,0.0011751,0.018469,0.0089626
6.0499e-06,5.752e-06,6.2295e-06,5.8007e-06,5.4678e-06,5.8643e-06,6.09e-06,5.9956e-06,6.4094e-06,6.33e-06,6.3409e-06,5.5815e-06,5.8454e-06,5.7692e-06,6.1028e-06,5.9533e-06,1.6002e-05,1.5849e-05,1.738e-05,1.6786e-05,1.7648e-05,1.6e-05,1.5291e-05,1.4924e-05,1.779e-05,1.5354e-05,1.6099e-05,1.6645e-05,1.5467e-05,1.7207e-05,1.6513e-05,1.5002e-05,1.4811e-05,1.2611e-05,1.3199e-05,1.2957e-05,1.3951e-05,1.2609e-05,1.3495e-05,1.2639e-05,1.2628e-05,1.4823e-05,1.3195e-05,1.4184e-05,1.5459e-05,1.3628e-05,1.4501e-05,1.4706e-05,0.0011027,0.0020867,0.016743,0.010514,0.0013114,0.0013262,0.0012185,0.0010218,0.0013827,0.0032433,0.0062711,0.0044741,0.0012631,0.0059265,0.00084868,0.0010649
6.1507e-06,5.8255e-06,6.3022e-06,5.9092e-06,5.5364e-06,5.9107e-06,6.1649e-06,6.0695e-06,6.5032e-06,6.4179e-06,6.4209e-06,5.639e-06,5.8877e-06,5.8182e-06,6.2029e-06,6.0745e-06,1.3614e-05,1.3661e-05,1.4676e-05,1.442e-05,1.5107e-05,1.3625e-05,1.3154e-05,1.2772e-05,1.4983e-05,1.3132e-05,1.3673e-05,1.4265e-05,1.318e-05,1.4459e-05,1.3957e-05,1.299e-05,1.7976e-05,1.5137e-05,1.5736e-05,1.5677e-05,1.6742e-05,1.5021e-05,1.6353e-05,1.5125e-05,1.5191e-05,1.7976e-05,1.5785e-05,1.6989e-05,1.8951e-05,1.6405e-05,1.757e-05,1.7908e-05,0.0014096,0.0016109,0.0011456,0.0013271,0.0026431,0.0026407,0.0019333,0.0019982,0.024644,0.0042534,0.0025988,0.0015574,0.0019193,0.0011313,0.10356,0.018004
6.3271e-06,6.0044e-06,6.5124e-06,6.0634e-06,5.7015e-06,6.1178e-06,6.3643e-06,6.2636e-06,6.7087e-06,6.6228e-06,6.6328e-06,5.8198e-06,6.0969e-06,6.0174e-06,6.3833e-06,6.2284e-06,1.6197e-05,1.6138e-05,1.7594e-05,1.7109e-05,1.8e-05,1.6203e-05,1.5531e-05,1.5103e-05,1.8005e-05,1.5553e-05,1.6286e-05,1.6939e-05,1.5644e-05,1.7366e-05,1.6683e-05,1.5273e-05,1.6132e-05,1.3639e-05,1.4311e-05,1.4022e-05,1.516e-05,1.3644e-05,1.4632e-05,1.3674e-05,1.3655e-05,1.6146e-05,1.4305e-05,1.5427e-05,1.6861e-05,1.4791e-05,1.5779e-05,1.6008e-05,0.002722,0.0083328,0.056988,0.37149,0.0034887,0.0035539,0.0031873,0.0024022,0.0019986,0.00435,0.0086829,0.06155,0.0033821,0.045729,0.0013284,0.0019932
6.2609e-06,5.9402e-06,6.4386e-06,6.0033e-06,5.6422e-06,6.0476e-06,6.2936e-06,6.1947e-06,6.6342e-06,6.5491e-06,6.5577e-06,5.7567e-06,6.0265e-06,5.9494e-06,6.3159e-06,6.1671e-06,1.5596e-05,1.5554e-05,1.6913e-05,1.6473e-05,1.7314e-05,1.5602e-05,1.4973e-05,1.4561e-05,1.7299e-05,1.4989e-05,1.5678e-05,1.6309e-05,1.5071e-05,1.6691e-05,1.605e-05,1.4735e-05,1.6339e-05,1.3811e-05,1.4463e-05,1.4219e-05,1.5331e-05,1.3795e-05,1.4834e-05,1.3838e-05,1.3835e-05,1.635e-05,1.4467e-05,1.5592e-05,1.7103e-05,1.4972e-05,1.598e-05,1.6226e-05,0.002679,0.0072868,0.014227,0.025124,0.0042878,0.0043718,0.0034827,0.0026909,0.0033024,0.0089901,0.021234,0.024264,0.0036727,0.011304,0.0019201,0.0030072
6.627e-06,6.2795e-06,6.8227e-06,6.3457e-06,5.9559e-06,6.3979e-06,6.6644e-06,6.5566e-06,7.0351e-06,6.9424e-06,6.9524e-06,6.0809e-06,6.3751e-06,6.2909e-06,6.687e-06,6.5231e-06,1.675e-05,1.6768e-05,1.8212e-05,1.7803e-05,1.8749e-05,1.6762e-05,1.6098e-05,1.5604e-05,1.864e-05,1.6087e-05,1.6834e-05,1.7602e-05,1.6161e-05,1.7929e-05,1.7231e-05,1.5857e-05,1.7253e-05,1.4495e-05,1.5267e-05,1.4895e-05,1.6199e-05,1.4524e-05,1.5572e-05,1.4544e-05,1.4505e-05,1.7272e-05,1.525e-05,1.6505e-05,1.8037e-05,1.5774e-05,1.6861e-05,1.7101e-05,0.0092934,0.12382,0.0064469,0.009309,0.0082312,0.0084384,0.0096266,0.0058579,0.0015385,0.0022167,0.0030127,0.033199,0.010749,0.016696,0.001332,0.0022351
6.4098e-06,6.0669e-06,6.5758e-06,6.1508e-06,5.7598e-06,6.1616e-06,6.4289e-06,6.3272e-06,6.7877e-06,6.6973e-06,6.7017e-06,5.8705e-06,6.1377e-06,6.0627e-06,6.4656e-06,6.3252e-06,1.4546e-05,1.4618e-05,1.5718e-05,1.5461e-05,1.6225e-05,1.456e-05,1.4051e-05,1.362e-05,1.6057e-05,1.4019e-05,1.4609e-05,1.5284e-05,1.4065e-05,1.5466e-05,1.4917e-05,1.3879e-05,1.8445e-05,1.5464e-05,1.6162e-05,1.5982e-05,1.7201e-05,1.5396e-05,1.6699e-05,1.5475e-05,1.5505e-05,1.8451e-05,1.619e-05,1.7484e-05,1.9409e-05,1.6811e-05,1.8018e-05,1.834e-05,0.0033322,0.003594,0.0016123,0.0019833,0.0095805,0.0095312,0.0055238,0.005902,0.0070014,0.0037377,0.0029038,0.0027856,0.0054239,0.0017973,0.013307,0.22234
